{
    "version": 2.0,
    "merge": {
        "shapes": {
            "S3ModelDataSource": {
                "members": {
                    "ModelAccessConfig": {
                        "shape": "ModelAccessConfig"
                    }
                }
            },
            "ModelAccessConfig": {
                "type": "structure",
                "required": [
                    "AcceptEula"
                ],
                "members": {
                    "AcceptEula": {
                        "shape": "AcceptEula"
                    }
                }
            },
            "AcceptEula": {
                "type": "boolean"
            }
        }
    }
}